"T","P","comp_time"
10,5,8.441
10,10,10.402
10,15,10.017
10,20,10.328
10,25,10.749
10,30,10.445
10,35,14.654
10,40,15.022
10,45,14.69
10,50,13.517
20,5,23.028
20,10,42.628
20,15,32.297
20,20,29.177
20,25,48.421
20,30,37.18
20,35,40.999
20,40,34.38
20,45,42.277
20,50,40.345
60,5,21.531
60,10,29.751
60,15,33.216
60,20,46.51
60,25,43.589
60,30,45.785
60,35,45.907
60,40,45.914
60,45,52.913
60,50,54.631
70,5,23.109
70,10,35.009
70,15,31.284
70,20,50.794
70,25,46.462
70,30,47.176
70,35,47.934
70,40,60.016
70,45,56.305
70,50,63.374
80,5,32.988
80,10,33.183
80,15,45.56
80,20,50.819
80,25,58.426
80,30,55.153
80,35,55.6199999999999
80,40,77.336
80,45,79.224
80,50,80.543
30,5,38.63
30,10,68.951
30,15,37.569
30,20,65.467
30,25,69.544
30,30,58.69
30,35,68.843
30,40,67.871
30,45,63.855
30,50,72.6129999999999
90,5,33.885
90,10,59.842
90,15,46.781
90,20,51.418
90,25,64.238
90,30,61.433
90,35,66.189
90,40,78.409
90,45,72.445
90,50,85.433
100,5,37.782
100,10,43.007
100,15,55.344
100,20,57.271
100,25,74.917
100,30,63.808
100,35,72.248
100,40,86.035
100,45,74.617
100,50,96.821
40,5,44.996
40,10,93.913
40,15,69.132
40,20,103.424
40,25,87.6
40,30,67.766
40,35,82.698
40,40,94.044
40,45,86.405
40,50,88.8389999999999
50,5,81.652
50,10,108.319
50,15,104.551
50,20,121.99
50,25,117.375
50,30,111.865
50,35,108.301
50,40,114.732
50,45,132.563
50,50,135.956
