"","X","id","time","X1","X2","X3","X4","X5","X6","X7","X8","X9","X10","Y"
"1",1,1,1,0.549302248136458,1.16660769386484,-0.601076623540001,1.62243376866291,-0.106964068888655,1.08500762936338,-0.325177711709963,-1.02688970973491,0.143415255309513,-0.00357963629321533,-11.3854431915376
"2",2,1,2,1.25850421723487,-3.46924625096045,-1.5005751605535,-1.4544169451254,-2.94176859406914,-1.4432101935601,1.03123304394664,-0.735701271662117,0.844343266944032,-0.00446848316360441,12.4633818467818
"3",3,1,3,-1.48750568797584,-0.843280645329701,-0.680643676466628,1.76924296937727,0.892812532661346,1.87283554934389,-3.05743823443137,-1.43634763887866,-3.10410353526609,0.0082155267828462,-28.133454909194
"4",4,1,4,0.407328980903141,-0.0647750306501745,2.97217445581179,0.926181773080552,0.173302238818681,-1.30794931487273,2.51335570339598,0.807393127253422,-0.182948066821413,0.00471131319199875,-4.47761625793703
"5",5,1,5,0.463270664954114,-0.958288203101257,-1.024739076025,0.763609089985129,-1.32717501445791,1.69425698620738,-0.568702622969612,0.764297067161851,0.537792899688353,0.00407203102298275,-9.60668293089435
"6",6,1,6,-1.2026705759825,0.503712812518963,0.136317001443627,-2.45006943046442,0.122017628062088,0.788967822520485,-0.321906804385294,0.272464477447469,-1.66287305408074,-0.00806874756079586,13.0725381791751
"7",7,1,7,0.453577095229003,-0.999152373720151,1.14723122262131,1.5834418588498,0.987541869097099,0.911628937784917,0.433114122554714,0.0997711014466424,-0.173214366338917,-0.00857868397785538,-6.28204143407978
"8",8,1,8,-1.26479973140712,-1.82429557167447,-1.2456745804366,-0.554520858394652,-1.2536785521736,-0.0223818656600069,3.49839935006174,1.39022251771929,2.52411570596805,-0.0150393781094753,-13.3484792892949
"9",9,1,9,-0.681443421860099,1.64550411185583,1.86898972304433,0.607074803917624,-1.39758760106242,0.467074852840473,-1.03924834346731,-1.65159069456675,-2.34372623019904,-0.0148922334369215,-19.9090986222301
"10",10,1,10,0.455052052759662,3.2738252842169,1.82101559695754,-1.99357665125058,-2.86540436628168,-3.30441793469489,-0.103401865573402,-2.24355817948603,0.64679961788018,0.0130139095722533,10.1079894121615
"11",11,1,11,-1.33583884616645,-1.42159952596023,1.53862501167238,-0.00393776819837588,-1.39633924290075,-1.58872996399876,-0.244149770661537,0.594898798471743,0.267522947472363,0.00907022583015345,-20.2206088074171
"12",12,1,12,1.51467480482088,1.38379478957445,0.368695614901181,-0.58890489545346,-1.2586874620758,-0.598522941810396,-1.0908368207705,0.190550818147526,-0.603386150016622,0.00618499995957169,14.6861871494111
"13",13,1,13,-1.02262311575806,-0.494607121515482,0.88256257776927,0.895843631823085,-0.164553835038214,-1.3517699613445,0.729695449273059,-0.884473437856249,2.4356945004781,0.010836625227043,-19.9680925895637
"14",14,1,14,-1.74555698332641,0.00891171173187872,-0.257405585648851,-1.99214387372032,-1.58108055208969,-2.06960921739608,0.0428142080609786,0.832929636013571,0.318960618179878,0.00764892553049135,-5.43579784621923
"15",15,1,15,-1.29660836003541,0.182359359029983,0.081140991176634,-2.60946400676445,-3.33182882797088,-1.23573328552767,-1.02838233828411,-0.779346303047227,-0.76045482058927,0.0183356672976475,-3.61797974342011
"16",16,1,16,-2.09296148698983,-0.594771227924432,0.4947555102707,-1.2902995529284,-0.944833038381881,-1.14386883854869,-0.254816002877639,-1.83913751506878,-1.51067841472854,0.000464258257169446,-12.8693890683004
"17",17,1,17,1.48630575466751,-0.950062772081761,2.92799772067134,0.164757680927187,-0.716640420315445,-0.0619490850643937,1.18018025133528,3.06217868764666,-0.317923582803952,-8.17437741082966e-05,9.65900525496202
"18",18,1,18,0.552156245086133,-0.875771501863049,-1.68687470190476,3.21023981379853,2.08469466798398,2.83537087936667,-1.5708377579599,-1.37253841313609,-1.7775054386912,-0.0158521774404337,-16.1205369072008
"19",19,1,19,6.31838408908634,4.35997264198904,3.27940057524236,0.652834146151963,-0.597673416260855,-0.736407089827402,1.5830230145896,0.858844100519932,0.269985670698679,-0.019889072013136,53.6632704887992
"20",20,1,20,-0.124313158539143,-0.888670493701578,-0.818484937775197,0.638432290892116,1.68304751855753,1.19951225609077,1.90146013419961,0.457771119664706,-0.0901311710613977,-0.0135102634555022,0.771335827099526
"21",101,2,1,-0.673203839011125,1.19369832445214,-1.24761795829433,-0.807155105527625,0.488781813844252,0.797263715131338,0.867068585896151,0.147466597633334,-1.39459160338195,0.0204527636567486,3.76775049687633
"22",102,2,2,-0.425925617984336,-0.307762431270372,0.297942814271218,-0.719355998418306,0.173572297567676,-0.50903048719289,-0.0282720317273004,-0.307324749182875,0.0332758836221039,0.00108086127170074,3.88295531342175
"23",103,2,3,1.92714435043988,1.36670995867688,1.1212534094749,0.274188645345776,1.18785927204347,-0.17620458836324,0.0340428878106765,1.23518536470921,-0.766401464091494,-0.0259040846610623,22.4757334673045
"24",104,2,4,1.85707134479027,1.73160091296199,2.7253062098713,0.280857950142166,0.434066593893799,1.7465342884065,2.30841074065021,2.21471189145037,2.08970382901195,-0.00594006192969387,17.919623896874
"25",105,2,5,2.26608433376939,0.0599515026065198,2.05760331234029,-0.150400172392308,-2.06083154273368,-0.0689681746298832,0.582099612496002,-0.617553222938402,-0.315041696676888,-0.00907967259317688,13.9408965932414
"26",106,2,6,-1.92855764862319,1.06726662299443,0.505759802697237,-2.0981383660178,-1.77893513702181,0.858857838903906,-0.200736242347985,0.659965558093992,-0.258449101661484,-0.00042445158813382,-7.14399621795732
"27",107,2,7,-1.96770980887258,-0.61649516721178,-1.44493637636771,0.359923815975188,1.41686718344469,-2.37382978127437,0.484031240089723,-0.0703466124519984,-1.17875908946655,-0.0111020177471432,-16.0792472237208
"28",108,2,8,-0.839034596111991,-0.880393977038435,1.31034283819001,-2.8683756858635,-2.44054068154087,-1.41632933005719,0.914669660174488,0.967449959117769,1.21690150879749,0.00277434022613379,8.15562517371694
"29",109,2,9,0.616296330350575,2.79503018078803,2.18740810623806,-1.93295560271563,-0.060166831563586,-1.40935895410495,-2.57971876026878,1.61242884068171,-1.39532969612389,-0.00130176467650685,25.1440172908121
"30",110,2,10,0.451031871784895,-0.043591751422674,1.03294315919462,3.20215106933963,3.42308386518634,1.65961059648802,0.144644721181676,0.689525045715401,-1.22855864462527,-0.00136694739731422,-10.3608202856222
"31",111,2,11,1.67581182774524,2.13870224895869,1.78653912021621,0.640838303794249,-1.27387339976314,-1.59415300910137,0.603856295309146,0.000539677419158238,0.635837370314036,0.00200874720716551,3.88832544956608
"32",112,2,12,-0.673264201222198,-0.638146364140908,-0.328814888238406,-0.777200787346917,0.632406519696826,-0.333770422980619,-0.357498366312691,0.0961281437505257,-1.41708264219948,-0.00918927173733026,4.27918922048771
"33",113,2,13,-0.673991547994523,-0.743426254486916,-0.42351260501837,-0.568859742637986,-0.887685238242257,-0.464193091264057,0.469741116876194,-1.14306373503264,0.241162676262613,0.0173879452169174,-5.6878964912216
"34",114,2,14,1.60948960881052,2.76711761216266,0.863763807890057,0.0806191122525625,2.77374436309035,-0.713057129488477,-2.27154110141198,-2.12909472896984,0.157460218342569,-0.000245821439286331,29.0811949805865
"35",115,2,15,-1.01252072344815,-0.745693581711139,-1.378622876048,-0.446084976007837,-0.503928088568682,0.019870018064497,-1.17237273139746,-2.2288983010988,-0.341218852588172,-0.00299616867411702,-8.34127814771896
"36",116,2,16,-1.20944961799253,-2.44784391764654,-2.34289575244161,-1.45405920084644,-0.456218284558201,-0.0689992438705003,0.28576366242557,-0.790517114955917,-0.650991108075379,-0.0114107193981282,0.352953617899354
"37",117,2,17,0.372803941763827,-1.55363339545416,1.45603251177841,1.7150580764561,-0.0999992497455818,2.03029910099072,2.14409551988016,0.274663305790023,0.803459325665952,-0.00532351797588283,-13.8599026125564
"38",118,2,18,-0.442516962839049,1.3733868062069,-1.30539769382195,-1.58626583032892,-0.666169816118884,-1.39670373373694,-2.54962196189733,-1.97907891764806,-1.00669460889446,-0.0131649786018028,8.14523487033183
"39",119,2,19,-1.14014320923648,0.572072900056935,1.9221720130592,-0.982929669786652,0.837367645363104,-0.198409744752731,-0.760822668748311,2.16296153584437,-0.159208879405037,0.011756960414532,2.59588675098273
"40",120,2,20,0.751820006323418,1.72194808879207,-0.120469566477292,1.97693015388509,0.600880535608954,0.681619317802597,2.66018291445008,-0.550844799043762,0.765849116240786,-0.00450379869952666,-9.18546471246106
"41",201,3,1,-2.10394808483109,-2.05170602569764,0.285962653719008,-1.61075231966968,-2.64101828023309,-1.27919318098779,-2.84060660806956,-1.51794120732076,-2.50257253985419,0.0176844468544494,-18.1137861505931
"42",202,3,2,-1.07570788263132,0.22853709292472,-1.23046811394432,2.59153343764283,2.86863574465027,0.932246057941468,-0.0263230637021481,1.02708281803025,1.64925833276296,0.00716574566709378,-22.2904059711088
"43",203,3,3,1.50973991208388,-1.44703217697273,-0.780543972162527,2.61978064557786,2.30665644684219,0.122556894150488,-3.9072933400373,-1.14551197815644,-2.19926975124593,-0.00473415901241659,0.378857053477015
"44",204,3,4,-0.440888891637658,0.0176877458092989,-2.12254748092802,-1.88584831609253,-3.24287994624807,-0.984971624790928,-1.08354934086008,-1.75777511327714,0.00114546937245003,0.011700577813275,-1.83051548022957
"45",205,3,5,0.248442520398098,-2.1475785272135,0.00721508683821603,2.55878089021684,3.81922341091793,2.2216575345952,0.218774032444766,-0.00612789095306059,0.291160138784569,0.00202926672882979,-3.83602673900615
"46",206,3,6,0.257336357031721,-1.54637617597963,-0.0656627543432381,1.25402153176421,1.70084227003241,1.47344584049891,0.0650218047549301,-0.883850011929333,-0.0525360588706211,0.0125034009241753,-1.39437624179497
"47",207,3,7,0.550840404954889,4.86376146013277,1.87096470664514,0.173673400375863,0.13293728504669,-0.132773428632631,0.842036524278991,0.917978054367676,1.52984197691637,-0.00356816963420011,4.33808259136743
"48",208,3,8,-0.329742666634181,-2.27333013210563,-2.41308258875532,0.0528283727427326,-0.165310343946069,0.703089867579372,1.07454461918262,-0.0735141760785092,2.23142372664259,-0.0186432026022373,-4.6793841067066
"49",209,3,9,1.48729572902005,3.68832195048817,3.79167247666818,0.855636593398956,1.32424088484738,0.968151632880218,0.381000024944093,0.419393323991614,2.24933790507822,0.014045738905606,12.8199447833512
"50",210,3,10,0.936126713018451,2.49467602872702,1.39216321180736,0.101981029618425,0.283837663031424,-0.855841884629832,0.0976831795339258,-0.719630694065969,-1.83867858838355,-0.00459939469003831,9.88124435003412
"51",211,3,11,0.347673657412421,-0.31239731765093,-0.0342062396767461,2.27352360504368,3.70192642808007,1.22138483539707,-1.98196482808098,0.699764931041159,-0.375385861695123,0.0072948625394149,-0.747295239291729
"52",212,3,12,-1.66836053555495,-2.25224402590787,-0.64435928455431,-0.614597420904211,2.19691894914397,-1.07453391504397,-1.16042332367248,-1.12374023157488,0.0554203904150943,-0.00775995376404259,0.501078102008692
"53",213,3,13,-0.338697956605156,0.563186480690509,-0.346541561181694,0.626095523387484,1.45592383574717,1.8937285825889,0.694795327913637,-0.34396595326297,0.846047777466033,-0.00595584591312117,-2.44551446902579
"54",214,3,14,-1.36470935959303,-0.534036604824278,-0.376127208040235,-0.834912592591566,-0.589409348356822,0.492470813040479,-1.05273775850461,1.77991197217787,-0.517148255416877,0.0037948987349053,-8.28781928209297
"55",215,3,15,-1.35594712328489,0.687364045562243,1.50801831509428,2.1940873061775,1.11151485269078,0.509694501715738,0.718397203609961,-1.0097223036981,1.45784339420888,0.00304008913816615,-29.9013498357295
"56",216,3,16,-1.24615898460659,-2.43540977772054,-1.52920713782207,0.47614274062071,0.655148328014473,-0.19746072404104,-0.977236416965878,-2.510804497636,-0.499029527938323,-0.00617069339136108,-13.9439677235653
"57",217,3,17,0.843201056581801,1.51786095647578,2.84041800082031,-2.23087951916577,-0.422000279767256,-1.84225364547367,0.587345726145281,1.03186072634955,0.689550928248757,0.0167097981076351,28.4796606352406
"58",218,3,18,-1.71543390507156,-0.660845381132945,0.168892311502836,0.742231994028329,-0.340345955422415,-0.551118129579263,1.65492366193226,-0.354742402492129,0.43341916051923,0.0158053525308088,-26.2231621764741
"59",219,3,19,-0.194797389809984,-0.723513717660665,-1.70575154527531,0.543831018336037,0.212217813287669,2.1820852712413,-0.26450632565902,-0.122263829083169,0.859763118383075,0.00735131489315085,-6.31051454178909
"60",220,3,20,-0.658032354526254,-1.25954347195662,-2.47257645931772,-2.70174350778306,-3.5330745004168,-0.0437859397782763,0.766115991110608,0.590977205008486,-1.66642893753948,-0.00648922976774244,2.70694249064006
"61",301,4,1,0.892123387479284,-1.67224700983599,0.51450763109062,2.84140080581216,1.0349183619912,0.67644945373529,-0.366102181634403,0.919057323977843,0.930509166896573,0.00816715379634145,-14.2831129065782
"62",302,4,2,-1.31268856811873,-1.81623207299806,-3.15451586559101,-0.0832336462250576,-0.571904228890684,-1.9777500804553,-3.62717071823207,2.828583747365,-0.838800317727136,0.00323997138309279,-15.104647534346
"63",303,4,3,-1.09004857029383,-0.928873432920105,-0.979331451397639,-1.70011648713017,-0.256979514431431,-0.713497881075407,0.958809394356024,0.178984423680628,1.64969607651724,0.00358072395590824,4.94619960089848
"64",304,4,4,1.67199354666026,0.470722242103228,0.912986658474238,-0.768439109391011,2.99427641825392,2.2255159752782,-1.88725596534024,-1.07962726850429,-2.38727655255554,-0.00832767564640586,39.3453451557001
"65",305,4,5,0.618814433809293,1.11992922469274,0.833547726668833,0.0141276770296332,-0.911339235559516,1.73411034868869,0.640833476656351,0.34108779393798,0.251642368289173,-7.27702647721614e-05,1.6137143717184
"66",306,4,6,-0.664678601225071,-0.125713247889609,-0.679945598008173,1.45935883124122,2.31720898397258,1.49427527291452,0.684324770059478,-0.330340786409911,-2.18435268382383,0.00968308648320656,-9.68212215135846
"67",307,4,7,-1.31366077172825,-1.14109519916852,-1.80117402725704,0.435710586748061,1.28116928191745,0.661203502569197,0.420276438795217,0.946587464150582,-0.108880336725009,0.0085730424093329,-11.0771459873103
"68",308,4,8,-0.280427211525528,0.903787205919888,0.610296336292595,3.04524836676275,-0.0736870860115328,0.390460141783807,-0.203326500626516,3.7657868105787,2.03434962464551,0.0020350232474163,-33.7218068930342
"69",309,4,9,1.03969653202214,0.564771363746319,0.989819457198426,0.92314009761461,-0.380724865700217,-1.68786402000489,1.96856357457447,0.636882509344084,0.467011127576861,-0.0100872227440727,-0.702672633349945
"70",310,4,10,-1.26973216657042,-1.95478180484432,-1.08710192861083,-1.21195089575514,-2.36097849939069,-0.643075982455929,0.545336850951933,1.20861241800132,1.61435432339017,0.00928591365936413,-12.4160880786035
"71",311,4,11,1.99149185241608,-1.69708850385941,0.310445485426309,1.66599858110023,0.926716203886361,2.03397106099938,0.362369600768675,0.941619481283887,0.589362631511316,-0.00941318757138608,8.01403908173604
"72",312,4,12,1.27989851906251,-1.27212078984261,2.2056726916451,-0.920685432214423,-0.18672200184565,-1.07098080705746,2.30373577069531,1.37402426150844,1.24117577320672,0.00488671799292825,21.0219307165619
"73",313,4,13,0.230425654069572,1.44385712666752,-0.490282583803282,-0.46519252104538,-0.452761473867102,-2.14297684052673,0.241314180931221,0.496169303117639,1.59245378634599,0.00921919004173763,4.61199741986169
"74",314,4,14,1.14988902500421,-0.224121721222167,0.481277637928626,0.471426637680905,-1.33266703682939,-1.20152856387247,0.988340563680515,0.810222790918069,0.811693076778794,-0.00686620533698984,0.102900171522787
"75",315,4,15,1.31861482914816,1.79740918974355,1.22245661507081,0.011689912136573,0.72783048011258,-0.618060181083034,0.716350652980541,0.502516396185261,-1.55404664035686,-0.0124584990318372,16.7956005405085
"76",316,4,16,0.585906180363124,0.844766018781138,1.17796264264723,0.755176780140253,1.14262400384633,0.273414518278453,-0.114508237793701,-1.26240125946893,0.671802013293797,-0.00761952993131094,4.13967688764844
"77",317,4,17,-1.54547376272952,-0.185359029181674,-1.74923309322844,2.7846940318891,2.02415480327172,1.70725228212128,-2.62301989264838,-1.3014229287315,-2.41654297250913,-0.0179082460889095,-33.1718722092684
"78",318,4,18,1.52554393593592,-0.0818623006546075,1.98705323545041,-0.93590807308474,-1.29099377476056,-0.0928116139693675,0.866642671544604,1.80309137366909,0.908156351636319,-0.0164938572003454,18.1659762010496
"79",319,4,19,-0.699967432276936,0.102184267325029,0.0526736612079728,-1.39295730651965,1.27304620915155,-1.46133167103894,0.991545763912437,-1.0861706680543,-0.14600245994629,-0.00718552378580143,13.562189931803
"80",320,4,20,-0.747889183825036,0.828896774074321,0.19774084504367,-2.30033875113569,-0.982570505919734,0.514889010443936,-1.12072858524859,-1.5576928695875,-1.63276088464336,-0.00200475591474295,10.6247677646567
"81",401,5,1,-0.32134265548807,-0.726553833298647,0.507289990855483,-0.456648526387836,-2.06797576817663,-1.83239389882157,1.00309803296517,0.896096569559729,1.61882340707746,0.00303699671748992,-9.03423098435213
"82",402,5,2,1.9937032404385,1.7812888610923,2.11277209380457,-0.411846962686801,0.451701012688052,0.271800953934726,-0.357343639352298,-3.3795053798271,-1.44661968642171,-0.0157730945675877,26.0694957404146
"83",403,5,3,-3.03801168867368,-3.59222887451102,-1.37677183792946,-1.97071924489864,-0.833957955882737,0.163284670289194,-0.600159326048048,0.589121715857331,-1.79296866054167,-0.00547906446110861,-14.8926093688765
"84",404,5,4,1.70537332186555,-1.77312883276343,0.376766415075566,-1.34488862375129,-2.65490786466,-1.1045719164588,1.27000489853009,2.48155558061207,1.09471893357849,-0.00449347132645169,17.4040910547304
"85",405,5,5,-0.370389070922216,-1.59989951903541,0.427531895174981,-2.81207890076049,-2.45318191672995,-2.23465284929659,-0.0603054768025122,-2.49721613920831,0.569653104342646,0.0182270728751692,12.1914465097932
"86",406,5,6,-2.32263783548752,-0.891451598698307,-2.66991248312071,-0.613364493451599,-1.31968221459608,-0.555703085653014,0.0342856986620505,-1.98331035441696,-0.0761165116895629,-0.0111276583570799,-23.7237209100535
"87",407,5,7,0.102378315077717,0.160848348080129,-0.129087977311201,-1.70104319582457,1.87222478335041,1.44380084238308,0.823962339129331,-1.03816245527253,0.317736885946262,0.0166044974952687,27.4036985830934
"88",408,5,8,0.882340420882823,-0.65764837438034,1.05560813674601,-0.237839675782255,1.01587389143208,1.16979140663396,0.479425699031413,0.166656990471553,-0.784032470223729,0.00641862747934038,16.1370025024322
"89",409,5,9,1.07512415354908,1.36875541417961,0.255974708627299,1.03662387861374,-0.59457371849332,1.26849123747202,1.06902118140971,1.74539807367355,2.15070208821298,-0.000795179631391155,-2.54352726464297
"90",410,5,10,0.808436420380439,2.2379956313047,0.80690728903683,1.94403066434383,1.95345830437459,1.82454897806169,2.14380351671677,0.53339597447714,0.352182321152607,-0.00492403097595085,-1.68111147868165
"91",411,5,11,-1.30772655991293,0.0875179688260345,-1.20382133155433,0.92263595451557,1.27204105292225,0.19694199280556,2.67314861717281,0.619526824852719,-0.0363575312237153,-0.0204419051529253,-16.0095951840668
"92",412,5,12,-0.0222318340168732,0.447889832065619,0.410079609255213,-1.53798327049753,-1.36176373287901,-0.921866193127764,0.743108464358029,0.583747950613386,1.40379868303442,-0.000641527764886042,8.40428839031673
"93",413,5,13,-0.596196498255641,-1.36081087066211,-0.408803973381811,-1.96284486266487,-2.03532944822403,-1.24953772189794,0.783863505890977,3.95077716264106,2.87940576620736,0.00504100957723537,3.48553885670479
"94",414,5,14,-1.41325466067886,0.375582155070153,0.0357255865060548,-1.69245543279186,-2.35072183164744,-2.66287237161159,1.53426764259715,1.9121151656317,-1.03480244894257,0.00456819427379358,-9.21990432454733
"95",415,5,15,-0.85969164848115,-1.42975690555651,0.170049475807906,0.144364622196182,0.0715045850216952,2.48942496055109,0.835655928309757,0.738933262956085,-0.122149422914616,-0.00565701926844797,-9.66024303823242
"96",416,5,16,-1.60228122176503,-2.11534156654496,-0.387548517278194,1.29479527218726,1.08515779095526,1.13590259218189,2.57378355122321,0.714821333553734,1.75890398974449,-0.00489210559798783,-23.5012876018762
"97",417,5,17,-0.924990611132317,-2.54599225591144,-0.606427073069561,0.134631402491517,-0.465495330994715,-0.166849267857907,-2.49623379469354,-1.36998284210655,-0.211125901566416,0.0175137966620515,-12.7716194241179
"98",418,5,18,-1.21258373441726,-0.79714943541617,-1.03202911059202,-1.84742102904648,0.0941672487966342,0.632528335247524,1.51330147096734,0.538070792476629,-0.329349573406781,-0.0092693907732205,6.81979551914766
"99",419,5,19,0.222086315819555,1.32960401147175,-1.01015395206763,-2.00094301398463,1.79891358420272,-0.434964226145269,0.673364304339996,-0.354375653594987,-0.320160198712977,0.00642848095239447,31.1545543422883
"100",420,5,20,0.493553547785609,-0.496907321057613,0.337536474786064,1.35433342760386,-1.18808015077772,-1.75740424212806,-0.356295836018017,-0.517199613617054,0.0981078107051421,-0.0147252121844472,-14.5791372512636
"101",501,6,1,1.19620837228167,-0.957409644369798,-0.0397609550848237,0.855456982626165,1.98667601438346,-1.00546403923456,1.06868083851244,0.350943413235756,-1.24348433624079,-0.0120440640757959,13.3530222613998
"102",502,6,2,-1.30220310295383,0.0763477684569437,1.95273717636039,-2.1900774399974,-0.640643279495825,-2.27017377442212,-0.0548302750772608,0.4732192053011,0.972508806494376,-0.0101649993670146,5.7464435316353
"103",503,6,3,1.59646377425442,1.9853990978931,0.455510884643432,0.0916733259882708,-0.0152571488009362,0.0633008461773102,1.2062643594504,0.938308308006891,-0.529813898078639,0.0133211418706735,15.1503249006357
"104",504,6,4,-2.36402128496707,-1.07271528753885,-2.46619534463178,0.373615686226612,-2.00388958459989,0.178095165868115,0.693562142444274,-0.494187541413862,-0.706036773581642,-0.00431259604432378,-37.4666398656389
"105",505,6,5,-0.790004333316369,0.0930048569591979,-1.57697434747917,-0.0953394704470995,1.98263517455533,-0.0570399636815341,0.763523346325064,1.95959478585737,0.740482280039043,0.00585609677781332,3.05911320427814
"106",506,6,6,-1.04025115333957,-0.352493608028822,-0.637580957349916,-0.654824941235153,-0.582021687494839,-0.0527412507579948,0.864512330270796,0.674682516235146,0.316027995959523,0.00936886804620008,-6.85324495006003
"107",507,6,7,0.638099357082887,1.14270638823028,-1.19348549377245,0.399528452631114,2.21985784267718,1.49907497089344,1.51402719915669,1.21752981436148,0.497964582756004,-0.00686232537277342,13.4485329335322
"108",508,6,8,0.278636108291531,-0.974891507104051,0.494761574043465,0.710129848254135,-0.0410016008257216,-0.312616413388319,-0.19099146992882,0.310020212754728,-0.471646746321572,-0.00986233912877692,-4.48185833404062
"109",509,6,9,-1.85209613133858,-2.85128220801153,-2.26806771745975,-0.412222723743256,-0.00755574129397972,0.989015429531747,-1.11834742562084,0.38259428027218,-0.926013475670659,0.000784195916583974,-14.4693721189273
"110",510,6,10,-1.69342995742858,-2.19902629977178,-2.88927178427047,-0.869416146765792,0.108955826121953,-0.515907921472471,0.124189283289844,-0.97521647441539,-0.628462790709064,-0.0127441371896849,-7.80046934054496
"111",511,6,11,-0.952808850026172,-1.35128256499613,-0.732892658535593,0.123031371321487,0.274865235333541,-2.13314173810991,-0.552242233243409,-0.720725243116606,-0.313306479500145,-0.00391763381898552,-9.34927424598011
"112",512,6,12,0.113126502853605,1.7672368741479,1.59065647839864,-0.901667637565937,-0.695545308967963,0.670933681636209,0.587584640931381,-0.611753101273374,-0.811147991204517,0.00102976424032182,6.59998321390693
"113",513,6,13,0.491737746227067,-0.735781864283181,-0.148884087797973,0.0755574836102089,0.117374060537619,0.567767101437712,1.78419504907798,-0.657854381661618,1.29708456307918,-0.013768602585696,4.90281126415976
"114",514,6,14,-0.98907369130725,-1.29956766766637,-1.20266528932717,-1.5790605728844,-2.44326379045479,-0.754815161028896,0.191100896508828,1.16233511306377,0.346490525228468,0.000747431082758391,-6.22830119900762
"115",515,6,15,-1.95548876464147,-0.370375690525347,-1.67971215602552,0.624814878774708,1.30953891637618,1.16902418873965,0.84121843161841,-1.58029738502077,-0.353856306357442,0.011081582350332,-19.1992824864345
"116",516,6,16,-3.27888781608547,-1.44480076621185,-1.64036311059079,-2.51650654787012,-3.60020189434053,-3.02287620017892,1.10517101511419,1.2895195651816,0.21431662332877,-0.00310563102998635,-25.6176607805958
"117",517,6,17,-3.07290425862262,-3.5986400138789,-3.26392254490963,2.55003885495317,3.18211242867404,1.92790891046912,-0.574315635023371,-0.749446353053718,-1.09196673283985,-0.00865829570365907,-40.166302521774
"118",518,6,18,2.21612924691201,0.92474372492749,1.27688536813296,0.614503102214446,1.8608769043142,-0.824759585841628,-2.65569750487563,-3.57879215186961,-0.282205787037484,-0.00336240714943898,25.3153795075382
"119",519,6,19,2.73704255055566,3.60990365570702,1.87504065154626,0.501565142619266,-0.464632429342617,-0.989545540046292,-1.68332400213914,0.361106511784459,-1.87314657506225,0.0017629282727642,19.7780403318807
"120",520,6,20,-1.09762834201818,3.36265264028141,-0.256187374614767,0.123608674571933,-0.967764495847533,-1.38870743290266,-1.47858607566864,1.21813368976793,0.660286094934967,-0.000299917070277352,-17.0480706794167
"121",601,7,1,0.683139920089971,-0.282841525647351,-0.0367922864778345,1.10464328776541,1.25281881600877,0.994889893787594,-0.229964323458787,-1.37706310046117,-0.439562354376506,-0.0177240932120026,2.08709391765708
"122",602,7,2,-0.057604764026329,0.109715454473165,0.0240019922976738,1.69196244337892,-0.545848479562224,-0.588555611723726,-2.08261505630007,-2.86429882029485,-1.36649454367164,0.00140831672736044,-20.2657521942355
"123",603,7,3,-1.86964600829032,-0.0746121495045219,-0.527508115073457,-0.678811414627315,-2.32026519864806,-2.06135615189419,2.29847105262493,2.17291771542006,1.00207092055189,-0.0107071125672754,-23.5529007738725
"124",604,7,4,-0.890507696883417,0.548927061062637,1.46129815208339,-3.09250820884951,-4.1385585297222,-2.79218073700023,-1.18414690185684,-0.640118179148581,-2.95192721333677,-0.0134103353892963,1.31233368317787
"125",605,7,5,-0.493213810985767,-0.755465327788111,-1.27950967340312,0.793101369870906,0.900914410307565,-0.87687855465562,0.82989325151025,0.00244954501900363,-0.663666928716548,0.000458830093340026,-8.36171669550397
"126",606,7,6,-1.04527922452338,-1.10119249507232,-2.26515111934573,-0.454402049241879,2.44479453568546,0.139169691621243,1.50131219941503,-0.740734823127581,-0.813217455191598,0.00349213805625182,6.3604004187192
"127",607,7,7,0.172938173453663,-0.153033753206904,-1.97432218477871,-0.170748030401163,1.04659828709111,0.354531728370268,0.372069637246683,0.697065664875401,1.28085686036042,-0.00162559630315514,8.8280866489815
"128",608,7,8,-1.35216362276898,-0.596877973230915,-1.23513293163681,0.293087704063637,0.383560767929532,0.254427830879364,2.40792395695986,1.89958001647784,2.36291222749969,-0.00853857539479459,-14.34222103695
"129",609,7,9,0.485953257644212,-2.90910486389016,1.01554063726976,-0.046011969902517,2.80499123523871,0.317514120767596,0.569046437712859,0.176977463624239,3.00881550758705,-0.00878540554530581,19.3833108854407
"130",610,7,10,2.20810078574565,2.13228872618566,0.986849306478635,-0.797660037656892,-1.15587393554355,-0.907645256772803,2.22996123104923,2.86708976288537,2.61508685024484,0.00837847575096332,24.2678707114746
"131",611,7,11,0.804885158416361,0.165181017509667,1.27891263241973,-1.85378760800876,-1.17315731481049,1.83678740787911,2.73380467999842,1.01796476078339,-0.625575917299238,0.0101267458223151,20.7301094523752
"132",612,7,12,1.254957397056,-0.0468198485991957,0.724103354869934,-0.438410466696715,-0.54034834918641,-0.557454650242965,-0.406327813626955,-1.53681968600846,-1.51052730371891,0.0146629394179478,14.1313265998318
"133",613,7,13,-1.43261132046502,-3.37186042011744,-0.248591666479978,1.39489020277115,1.05579786918423,1.03866423137032,-0.266689578290007,-1.25629704114393,-0.554084933588929,0.0216229346612925,-23.182141056428
"134",614,7,14,0.215004850388328,0.241115007912692,-0.26192480827487,2.20494318562914,0.607463263153192,-0.252078071354863,-0.298902991879784,-0.0165620158450406,0.886784909872867,0.00295614552264816,-16.7860360792662
"135",615,7,15,0.534144984582416,0.999733356399387,1.21512567580753,-0.437327537215758,-1.44640049109351,1.21953075023484,-1.8285113851965,-1.15613699848358,-1.52137490933385,0.00166887513444105,2.39364410063736
"136",616,7,16,1.97239911164209,-0.111474954825893,0.296682548695754,-1.33537619230089,0.179928276322359,-0.425106115536569,-1.53314718234401,-1.18943887685338,-0.554000906590921,0.00583657879269849,33.9723773263844
"137",617,7,17,-3.2137749613987,-1.71825348288402,-1.19431400635373,0.707195945386679,0.745970336159662,0.193916416514373,1.31124776126885,-1.21767569491356,-0.991247420282523,0.00415943136830813,-35.4145431443135
"138",618,7,18,0.0451272254492263,-0.696336802958647,0.871100090914333,0.837679727457624,0.381974859262347,0.247807026091836,-1.28078339219853,-0.490629792901008,-2.32540213866948,-0.0155892755588162,-6.10837275921993
"139",619,7,19,0.324294832456561,0.506178965365989,-1.47949103293959,-0.733747200661325,-1.24023957020864,-0.579445951404068,-2.52650684636421,-2.25041762246017,-1.34964549188808,0.00696889972966622,4.35245382335461
"140",620,7,20,2.5010405414821,1.67453931968627,-0.43068978992887,-0.482630986766187,-0.79754881742198,-0.723017680849173,2.13024709799732,1.65295741266192,-1.07190711119596,0.00151831593552692,25.6784023420775
"141",701,8,1,-1.16844398127766,-0.086827670916239,-2.20816891493481,-0.287448347352143,0.641015741974561,0.248507706895251,2.04172263756775,1.68576720637647,1.79215682670706,0.0107356285613268,-5.41409594693128
"142",702,8,2,-0.633644433896288,-0.16349887145666,-0.95260847203256,-3.84420270624668,-1.37350422105296,-2.19578058745,-1.35094023075957,0.421631516713356,-0.299576004670866,0.0072993315884721,25.0822126048272
"143",703,8,3,-2.43285116952075,-2.53877172706844,-3.24223224909049,-1.12660259213821,-0.0530899034129223,-0.458473561408831,-0.81098731261529,-2.91823150198476,-2.40821487480959,-0.00308531814198244,-13.4321361653457
"144",704,8,4,0.766416915969761,-0.528302456963263,-0.0247598896592905,1.72489072104518,1.36755788993292,-1.00898246271403,-2.19096918443063,-1.080461538274,-0.737331637040191,0.00827017812826942,-2.83865046736348
"145",705,8,5,2.66713183190835,-0.756409484940917,2.95112453306093,1.78460522272912,0.10637321763898,2.29749948722008,-0.151108091124417,-2.22635328605528,-2.22596257497861,0.0158890830421213,9.26041742189523
"146",706,8,6,-1.29958549080749,-1.80760864270658,-0.612985119469356,-0.552737009512975,0.891846630925253,-0.0260651739145727,0.820988565694497,1.50617726482635,0.844975001559091,-0.000154516581311783,-3.00718526510582
"147",707,8,7,0.922288340623592,2.63349578255787,1.80279495847955,-0.225692825934903,-0.642778725950022,0.548404573151103,-0.408710021131045,-1.7570645475853,0.814015693599316,0.000743660991368417,8.10001974440341
"148",708,8,8,0.798888165199171,1.57412567147787,2.03170229816533,-0.0207440702132773,-0.050255139402405,0.713579306321569,-2.59409713825554,-1.22040160980293,-2.42040708923488,-0.000461028587046017,7.99165871006019
"149",709,8,9,-1.69963877489526,-2.25781781220453,-0.910880351548114,1.53643580398397,-0.816499092858505,-1.3043788704122,-2.66247735635681,-0.721255139095853,-0.710264510787976,0.003803801475667,-36.3298493070453
"150",710,8,10,1.25709324950886,0.107171810661119,0.51902114040952,0.786220399556786,-0.843802547820118,-0.795579041344971,2.67935310645148,3.80711683337225,2.16101086888206,0.00888450544269503,0.38650742707039
"151",711,8,11,-0.601505813235119,0.495259938830808,0.157953615563873,0.493254937540242,-0.433496703906534,0.221887380441439,-0.812018804654905,-1.22174841320121,-0.596928986916884,0.00819632545315633,-13.1824839728784
"152",712,8,12,1.35317924996168,3.49991449367104,4.82153778754345,1.20301368072559,2.3601464127042,0.65957483640339,1.97762675635853,0.427691416839906,1.78142188559824,0.0102462609644299,13.1644589734521
"153",713,8,13,-0.549566428571295,-1.14374979928947,-1.67814092713721,-0.709182796356844,0.246878752773147,-0.372838893263813,-0.254720361498505,0.00452958170546391,0.823038552098798,-0.00709915914683769,2.72463659377719
"154",714,8,14,0.52875813491732,1.4821383334455,1.6711939505761,1.97508189046823,-0.751422763880015,0.530569567755139,-0.843617854215742,-2.75418881688586,-2.51788916548607,-0.0182196073025149,-18.2298847907707
"155",715,8,15,1.63387301258475,0.991407813150865,-1.14046856465084,-0.105742289165867,1.61325695406213,0.96115156532792,1.29590680838846,0.951994025492764,2.43184303626849,-0.00363230215174885,25.3790800888207
"156",716,8,16,-0.0342617118920823,0.254475702389175,-0.501371027706137,0.240568259314338,-1.9785071598461,-0.127889585539209,2.31687983840457,1.2424850736294,0.818426569051463,0.0159583793285068,-12.6453356135483
"157",717,8,17,0.262637104828495,-0.468132681726004,-1.10785735477572,-0.596101402975671,-0.576589045586558,1.80295158070199,3.46336723078438,1.31358865939062,2.63848131799475,-0.0189441306084084,5.66213299002989
"158",718,8,18,0.795375004418848,0.330361040528052,-0.566474535245898,3.15386537828277,2.58842578701528,-0.42467818624078,0.12526499820938,-0.121339080812207,0.0922353516586598,-0.0012343095922485,-10.8522577074576
"159",719,8,19,2.88317820600692,2.6270537143677,0.689221969688765,-0.461706516882816,-1.20165088726712,-0.944338203689723,0.0484376394272129,0.72630609082613,-1.81842399926047,-0.0189016205675388,27.3862287259436
"160",720,8,20,0.914006095324349,0.854876920620146,1.52184380058871,-0.826407371361785,-0.92319568771747,3.38044460498065,-1.86616326544786,-0.970659356370465,-1.70485153729358,0.00745653797737488,12.6946990718355
"161",801,9,1,2.26251833788694,0.958965155800319,-0.0764140952664196,1.09042520724064,-1.10440769466379,-1.36790839243127,2.40045600433145,-0.059448204519898,1.25463153616724,0.0171799727586376,6.1638850498423
"162",802,9,2,-0.476411356287526,-2.14335062734737,-1.13855303193693,-0.130855105555875,-0.120196544820205,-0.508486820044919,1.28199229731868,-0.569518721237569,2.3168568943731,-0.0106943743245309,-4.09470613932241
"163",803,9,3,-1.12750367219209,0.406270072439732,-0.726291602937048,-1.39548999597155,-0.858606956756165,0.680054575604007,0.722995297168558,1.02579819067958,-0.0635880755596811,-0.0152088546185052,-1.66917951239326
"164",804,9,4,0.316954061060386,0.528870487578178,-0.496940812613761,-1.15598658821618,-2.15157233854454,-0.207810667965816,1.07297277359679,0.0847430491502224,0.00558890790165003,0.0190599878527794,3.8773579919658
"165",805,9,5,-2.11927791975238,-1.00434419091509,1.27474917535197,-4.05063430853005,-3.20650841950249,-2.55673281270607,-2.38804898700878,-2.54248135126293,-3.12292482166721,-0.00510710330144743,3.34141240906238
"166",806,9,6,-1.85340149889775,-1.86246466987405,-1.37700059512689,0.256991506440109,-0.151632122462857,-1.36626352278718,-2.01522816960407,-1.9232206766571,-0.552682846636268,0.00359870149020989,-21.8545100271824
"167",807,9,7,-0.990221420714135,0.608190692041965,-0.0604078565497313,-1.19820175867491,-1.95103244639618,-1.87876635877735,-2.31009514571507,-0.300186370624994,0.686994184029776,-0.00632118551930165,-7.73607183821502
"168",808,9,8,-3.09357996229734,-3.17853733066656,-2.50313542772851,-1.29618852271267,0.463917058673692,0.375098274683064,-0.585723028325179,2.30219916321815,0.683992981146468,-0.00123352605816711,-15.7132750776293
"169",809,9,9,0.550441021913343,-1.38679989937356,-1.81320020928786,1.4754711948328,0.703057999942176,-1.51119695382725,-1.70629638279436,-1.25942935566368,-1.33112412694101,0.00312503199964717,-5.80633814486113
"170",810,9,10,0.698257257926457,0.195957274552096,0.43754921285699,0.294577960791727,1.37232727469372,0.0360951403997338,1.47330069412131,0.000426635208328568,0.958637643445219,-0.0130096632738824,10.9303694349603
"171",811,9,11,2.83941963642818,1.11532474084234,0.759950932112408,-0.366781497979008,0.00396121151422067,-1.07055343413091,-2.82389293312444,-0.646973284129151,-1.11287209599853,0.0207011575096885,32.2035225549683
"172",812,9,12,-2.38633847451902,-1.35309867516199,0.116103537009648,1.22589139102215,2.98302222942715,3.04945706876362,-0.306789206752219,-1.47106577124468,-0.428277298371594,-0.00249316761653211,-21.3658950496818
"173",813,9,13,-0.956514736697773,0.123597272435796,0.411238840422143,-2.02440956932316,0.13700545182447,1.42398433357969,1.32907051937204,-0.409104674353617,-0.253767488606014,0.00766961726844028,11.4315047203571
"174",814,9,14,0.98617586385407,1.17315383332829,0.678201241044557,-1.2393056283974,-1.63067253331256,0.64812512295286,0.282739361280703,-0.876750862367969,-0.422877412126249,-0.00172025373614014,14.0838196107257
"175",815,9,15,-0.542903529630946,-0.654899791464226,-2.91128213314819,0.656719457907476,1.67280509666015,1.84550665409351,-1.47059659156192,1.45758982305683,1.01549144352367,0.0074029904890483,-3.65525996481183
"176",816,9,16,-0.27101444277319,-0.164160192148427,0.350504454864951,1.35322354784144,-0.353316721462486,-0.345536879089346,-1.21032263851484,-0.290100275728817,-0.439830043792179,-0.0143352579684194,-18.010637413226
"177",817,9,17,-2.01481387461993,-2.79042458058921,-0.249707003919303,-1.22876450986136,-2.52900320718153,-1.5515104587085,-0.343334930059378,0.534902414626257,1.16772910264127,-0.0200468023920022,-20.4224235616525
"178",818,9,18,-0.0841071814697834,-0.206997622204103,-1.17088146248759,-2.10825444072478,0.778441742432425,-0.631118432268224,-1.07808304993893,-2.2906364852103,-1.48998862133783,-0.00246616035974542,24.2057559528924
"179",819,9,19,0.52421400122307,3.84538656089613,0.886415049784197,-1.34959284903272,0.0919690679855316,0.0984745548340062,-0.509584051105576,-2.33522765048661,-0.772120701335508,-0.00468309174278595,19.3404868618296
"180",820,9,20,-0.204877634540901,-0.28475141964863,0.555922683376976,0.781558894309629,1.55438791922185,0.0417373306240353,1.1265524110672,-0.497737727300021,0.376795344899861,0.00152106617006793,-2.20542575855872
"181",901,10,1,0.815268253394632,-0.216956435645294,0.296303308855013,-0.753455246363757,0.41040985880799,-1.46630622860873,-0.433755066534581,0.436922007591836,-0.385457760588101,-4.81025162423051e-05,17.573560656814
"182",902,10,2,-0.742661892046491,-0.451256980179503,0.385621358836158,-0.283256267225539,2.37473372060356,-0.293830314930131,0.496238683165214,-0.401741682810621,1.49320880620508,-0.00384220033628963,7.34691863649493
"183",903,10,3,1.13068135484273,0.565101482830897,0.363431980805742,-2.13692713075378,-2.75488599843221,-1.38041435536571,-0.535115076465254,0.0881253324990642,1.52419601902664,0.00350728622865925,18.8110795924792
"184",904,10,4,0.15554799591823,0.500877199855695,-2.10638160635074,-2.57658665930608,-0.929589153272094,-1.63007944400496,1.34430710875642,-1.19081566004189,0.0279296373314223,0.00381049114893347,22.5587921254265
"185",905,10,5,-0.222723783936984,-0.0213208582173765,-0.401236599961517,-0.217090767064604,0.887535957495033,1.73917625571531,-0.547063564360218,1.06825451722329,-1.37397416495923,-0.00594241805126264,4.45147484174843
"186",906,10,6,-1.64355599507492,-0.366530901063536,-2.54854566425939,-1.0502192701513,-1.2031162522906,-0.070801191498145,2.39421336682423,-0.275506128684583,1.51062571428219,0.00574875863178182,-12.1709845465918
"187",907,10,7,-0.384629398593082,0.631111572449153,-0.282665030744117,-0.288131590738184,1.20631279554266,0.967130010911327,0.525403076992517,1.83096852237527,-0.305922547340814,-0.0128127189522367,5.07421730552183
"188",908,10,8,-0.0524070029143991,-1.41634354374146,1.45038006528521,-1.66442756882654,-0.750505981389342,-1.81096409954047,0.490953994396833,1.95638432283607,1.2308229992198,-0.00434537202864866,12.3357201829414
"189",909,10,9,2.47549940397654,1.31488428139915,1.08714652171077,0.893834073910476,0.373440240857402,0.620875830738395,2.21191064908419,0.235869020817906,1.60240178479398,-0.00377514063853006,17.8343651814716
"190",910,10,10,0.357326897516912,0.501423321876791,-1.38488666555766,-1.29405450591121,-0.224750282894679,3.70339199309206,-0.499940295206919,-1.10502868567048,-0.874871715605443,0.00595264780746393,15.5125112764375
"191",911,10,11,1.85157191431504,0.652662264000889,0.292228543799906,-2.11144849802479,-1.13960193102386,-1.48378248655493,1.60363977201802,1.71855903151547,0.623652209940665,-0.00481308331033923,33.910462444742
"192",912,10,12,-0.413916895362898,-1.25632547129517,-1.39546614424269,1.45514706117246,1.73554326085202,1.621809912049,2.28295652991591,1.79831885411722,1.95206352610351,-0.00997792362513085,-10.0419892850242
"193",913,10,13,1.70226742082769,0.263879741566467,-0.620465360375686,-1.52897130133152,2.58426380636817,0.899112006569292,-0.866574031958267,-0.975410476596677,0.386410348940573,-0.00482025490896167,45.1760860734802
"194",914,10,14,0.182849064321668,-0.224219469589755,-0.649502854140672,-1.89447136470535,1.01553391521354,0.0916398389935133,1.14718200153772,1.63500390341176,2.74207105408374,-0.0130992654132279,25.9003574532151
"195",915,10,15,-1.91144309239894,-1.71273362647915,-0.396617511970265,2.49972814534635,1.39226939960563,1.40540688340232,1.3650864470656,0.93509740146708,-0.175800011324999,0.00201668731299811,-37.3137513191649
"196",916,10,16,-0.434986655115633,-0.109683254321817,-0.919390028641723,0.418338194425345,-0.438090006199787,-0.315698704844561,-0.0900208440123059,0.531554552711744,0.886519322286223,-0.00682828457066899,-10.7535146109991
"197",917,10,17,-0.89642760237616,0.368666893350815,-2.11040249079477,-1.46586143526628,-0.891553066687618,-1.52512656985822,1.21347488331678,2.56208174653574,0.00435176219963275,-0.0142972181596764,1.37777126678457
"198",918,10,18,0.331757693673022,1.47046574958361,1.53543155463474,1.31988928712512,0.188988623888115,-0.222769871363736,0.104570879173735,-0.75146223986204,1.29590053707462,0.00162436713220837,-8.906210637409
"199",919,10,19,-1.52812580263347,-0.152771681144971,0.448096488825779,-1.29355487712512,-1.52778339995615,-2.74223368030649,0.328013765473814,-0.583586201883385,-2.07124724020148,-0.00685473176390419,-10.021925386728
"200",920,10,20,0.0394282005132212,1.1524921620142,1.81298788651637,1.31187511608588,0.941864212811219,0.116673892723326,-0.30166896875966,-1.40173484307673,-0.19036531148126,-0.0153722923996029,-8.07753697213666
